{,,,,
SNShot number,SLShot length in deciseconds,TCTimecode of the shot's end in deciseconds,TypeShot type,yaxis
1,87,87,Other,0
2,27,114,Other,0
3,67,181,Other,0
4,23,204,Other,0
5,37,241,Other,0
6,35,276,Other,0
7,33,309,Other,0
8,20,329,Other,0
9,50,379,Other,0
10,20,399,Other,0
11,55,454,Other,0
12,9,463,Other,0
13,55,518,Other,0
14,112,630,Other,0
15,48,678,Other,0
16,23,701,Other,0
17,59,760,Other,0
18,48,808,Other,0
19,73,881,Other,0
20,46,927,Other,0
21,32,959,Other,0
22,68,1027,Other,0
23,89,1116,Other,0
24,35,1151,Other,0
25,76,1227,Other,0
26,53,1280,Other,0
27,30,1310,Other,0
28,34,1344,Other,0
29,12,1356,Other,0
30,24,1380,Other,0
31,24,1404,Other,0
32,72,1476,Other,0
33,8,1484,Other,0
34,99,1583,Other,0
35,24,1607,Other,0
36,15,1622,Other,0
37,63,1685,Other,0
38,13,1698,Other,0
39,128,1826,Other,0
40,46,1872,Other,0
41,38,1910,Other,0
42,54,1964,Other,0
43,24,1988,Other,0
44,73,2061,Other,0
45,20,2081,Other,0
46,31,2112,Other,0
47,27,2139,Other,0
48,17,2156,Other,0
49,25,2181,Other,0
50,15,2196,Other,0
51,59,2255,Other,0
52,16,2271,Other,0
53,41,2312,Other,0
54,41,2353,Other,0
55,51,2404,Other,0
56,23,2427,Other,0
57,37,2464,Other,0
58,20,2484,Other,0
59,86,2570,Other,0
60,28,2598,Other,0
61,14,2612,Other,0
62,111,2723,Other,0
63,33,2756,Other,0
64,67,2823,Other,0
65,18,2841,Other,0
66,22,2863,Other,0
67,18,2881,Other,0
68,40,2921,Other,0
69,54,2975,Other,0
70,133,3108,Other,0
71,46,3154,Other,0
72,42,3196,Other,0
73,26,3222,Other,0
74,25,3247,Other,0
75,24,3271,Other,0
76,23,3294,Other,0
77,20,3314,Other,0
78,14,3328,Other,0
79,33,3361,Other,0
80,37,3398,Other,0
81,27,3425,Other,0
82,13,3438,Other,0
83,31,3469,Other,0
84,31,3500,Other,0
85,25,3525,Other,0
86,13,3538,Other,0
87,11,3549,Other,0
88,12,3561,Other,0
89,19,3580,Other,0
90,16,3596,Other,0
91,12,3608,Other,0
92,23,3631,Other,0
93,27,3658,Other,0
94,32,3690,Other,0
95,13,3703,Other,0
96,17,3720,Other,0
97,85,3805,Other,0
98,25,3830,Other,0
99,103,3933,Other,0
100,11,3944,Other,0
101,143,4087,Other,0
102,90,4177,Other,0
103,25,4202,Other,0
104,23,4225,Other,0
105,121,4346,Other,0
106,26,4372,Other,0
107,41,4413,Other,0
108,42,4455,Other,0
109,14,4469,Other,0
110,30,4499,Other,0
111,22,4521,Other,0
112,14,4535,Other,0
113,37,4572,Other,0
114,42,4614,Other,0
115,27,4641,Other,0
116,41,4682,Other,0
117,60,4742,Other,0
118,10,4752,Other,0
119,21,4773,Other,0
120,25,4798,Other,0
121,16,4814,Other,0
122,51,4865,Other,0
123,95,4960,Other,0
124,50,5010,Other,0
125,21,5031,Other,0
126,23,5054,Other,0
127,15,5069,Other,0
128,17,5086,Other,0
129,8,5094,Other,0
130,5,5099,Other,0
131,6,5105,Other,0
132,23,5128,Other,0
133,14,5142,Other,0
134,10,5152,Other,0
135,16,5168,Other,0
136,55,5223,Other,0
137,10,5233,Other,0
138,17,5250,Other,0
139,7,5257,Other,0
140,8,5265,Other,0
141,27,5292,Other,0
142,50,5342,Other,0
143,67,5409,Other,0
144,17,5426,Other,0
145,10,5436,Other,0
146,6,5442,Other,0
147,11,5453,Other,0
148,26,5479,Other,0
149,10,5489,Other,0
150,45,5534,Other,0
151,22,5556,Other,0
152,15,5571,Other,0
153,14,5585,Other,0
154,13,5598,Other,0
155,20,5618,Other,0
156,11,5629,Other,0
157,7,5636,Other,0
158,15,5651,Other,0
159,30,5681,Other,0
160,21,5702,Other,0
161,14,5716,Other,0
162,21,5737,Other,0
163,25,5762,Other,0
164,37,5799,Other,0
165,45,5844,Other,0
166,69,5913,Other,0
167,17,5930,Other,0
168,24,5954,Other,0
169,13,5967,Other,0
170,19,5986,Other,0
171,18,6004,Other,0
172,16,6020,Other,0
173,29,6049,Other,0
174,14,6063,Other,0
175,31,6094,Other,0
176,20,6114,Other,0
177,13,6127,Other,0
178,40,6167,Other,0
179,45,6212,Other,0
180,19,6231,Other,0
181,21,6252,Other,0
182,27,6279,Other,0
183,26,6305,Other,0
184,20,6325,Other,0
185,48,6373,Other,0
186,21,6394,Other,0
187,26,6420,Other,0
188,59,6479,Other,0
189,134,6613,Other,0
190,38,6651,Other,0
191,32,6683,Other,0
192,38,6721,Other,0
193,60,6781,Other,0
194,37,6818,Other,0
195,7,6825,Other,0
196,5,6830,Other,0
197,11,6841,Other,0
198,29,6870,Other,0
199,58,6928,Other,0
200,4,6932,Other,0
201,16,6948,Other,0
202,13,6961,Other,0
203,21,6982,Other,0
204,21,7003,Other,0
205,28,7031,Other,0
206,12,7043,Other,0
207,15,7058,Other,0
208,22,7080,Other,0
209,26,7106,Other,0
210,10,7116,Other,0
211,21,7137,Other,0
212,27,7164,Other,0
213,8,7172,Other,0
214,23,7195,Other,0
215,23,7218,Other,0
216,16,7234,Other,0
217,38,7272,Other,0
218,17,7289,Other,0
219,41,7330,Other,0
220,17,7347,Other,0
221,15,7362,Other,0
222,53,7415,Other,0
223,23,7438,Other,0
224,28,7466,Other,0
225,27,7493,Other,0
226,21,7514,Other,0
227,16,7530,Other,0
228,48,7578,Other,0
229,16,7594,Other,0
230,11,7605,Other,0
231,43,7648,Other,0
232,17,7665,Other,0
233,68,7733,Other,0
234,15,7748,Other,0
235,20,7768,Other,0
236,22,7790,Other,0
237,22,7812,Other,0
238,76,7888,Other,0
239,32,7920,Other,0
240,12,7932,Other,0
241,54,7986,Other,0
242,22,8008,Other,0
243,20,8028,Other,0
244,25,8053,Other,0
245,23,8076,Other,0
246,19,8095,Other,0
247,23,8118,Other,0
248,18,8136,Other,0
249,44,8180,Other,0
250,28,8208,Other,0
251,23,8231,Other,0
252,11,8242,Other,0
253,66,8308,Other,0
254,11,8319,Other,0
255,8,8327,Other,0
256,32,8359,Other,0
257,25,8384,Other,0
258,29,8413,Other,0
259,20,8433,Other,0
260,14,8447,Other,0
261,11,8458,Other,0
262,10,8468,Other,0
263,17,8485,Other,0
264,18,8503,Other,0
265,15,8518,Other,0
266,28,8546,Other,0
267,15,8561,Other,0
268,41,8602,Other,0
269,73,8675,Other,0
270,42,8717,Other,0
271,22,8739,Other,0
272,73,8812,Other,0
273,80,8892,Other,0
274,27,8919,Other,0
275,19,8938,Other,0
276,56,8994,Other,0
277,58,9052,Other,0
278,150,9202,Other,0
279,36,9238,Other,0
280,66,9304,Other,0
281,146,9450,Other,0
282,16,9466,Other,0
283,107,9573,Other,0
284,16,9589,Other,0
285,191,9780,Other,0
286,26,9806,Other,0
287,150,9956,Other,0
288,21,9977,Other,0
289,214,10191,Other,0
290,47,10238,Other,0
291,24,10262,Other,0
292,85,10347,Other,0
293,12,10359,Other,0
294,86,10445,Other,0
295,25,10470,Other,0
296,17,10487,Other,0
297,17,10504,Other,0
298,58,10562,Other,0
299,27,10589,Other,0
300,113,10702,Other,0
301,6,10708,Other,0
302,5,10713,Other,0
303,52,10765,Other,0
304,11,10776,Other,0
305,15,10791,Other,0
306,22,10813,Other,0
307,17,10830,Other,0
308,19,10849,Other,0
309,28,10877,Other,0
310,64,10941,Other,0
311,29,10970,Other,0
312,45,11015,Other,0
313,15,11030,Other,0
314,28,11058,Other,0
315,18,11076,Other,0
316,139,11215,Other,0
317,35,11250,Other,0
318,14,11264,Other,0
319,11,11275,Other,0
320,9,11284,Other,0
321,11,11295,Other,0
322,46,11341,Other,0
323,45,11386,Other,0
324,16,11402,Other,0
325,27,11429,Other,0
326,14,11443,Other,0
327,15,11458,Other,0
328,38,11496,Other,0
329,38,11534,Other,0
330,54,11588,Other,0
331,22,11610,Other,0
332,20,11630,Other,0
333,45,11675,Other,0
334,18,11693,Other,0
335,14,11707,Other,0
336,50,11757,Other,0
337,101,11858,Other,0
338,29,11887,Other,0
339,17,11904,Other,0
340,70,11974,Other,0
341,14,11988,Other,0
342,40,12028,Other,0
343,121,12149,Other,0
344,124,12273,Other,0
345,133,12406,Other,0
346,54,12460,Other,0
347,68,12528,Other,0
348,43,12571,Other,0
349,36,12607,Other,0
350,182,12789,Other,0
351,13,12802,Other,0
352,68,12870,Other,0
353,50,12920,Other,0
354,42,12962,Other,0
355,32,12994,Other,0
356,26,13020,Other,0
357,37,13057,Other,0
358,63,13120,Other,0
359,45,13165,Other,0
360,41,13206,Other,0
361,23,13229,Other,0
362,80,13309,Other,0
363,24,13333,Other,0
364,29,13362,Other,0
365,32,13394,Other,0
366,70,13464,Other,0
367,64,13528,Other,0
368,48,13576,Other,0
369,17,13593,Other,0
370,69,13662,Other,0
371,18,13680,Other,0
372,40,13720,Other,0
373,23,13743,Other,0
374,23,13766,Other,0
375,84,13850,Other,0
376,69,13919,Other,0
377,46,13965,Other,0
378,26,13991,Other,0
379,49,14040,Other,0
380,117,14157,Other,0
381,27,14184,Other,0
382,40,14224,Other,0
383,36,14260,Other,0
384,41,14301,Other,0
385,60,14361,Other,0
386,74,14435,Other,0
387,130,14565,E.P,0
388,16,14581,Other,0
389,15,14596,E.P,0
390,29,14625,E.P,0
391,20,14645,E.P,0
392,15,14660,E.P,0
393,29,14689,E.P,0
394,12,14701,E.P,0
395,12,14713,E.P,0
396,48,14761,E.P,0
397,26,14787,E.P,0
398,27,14814,E.P,0
399,27,14841,E.P,0
400,15,14856,E.P,0
401,20,14876,E.P,0
402,25,14901,E.P,0
403,9,14910,E.P,0
404,7,14917,E.P,0
405,23,14940,E.P,0
406,11,14951,E.P,0
407,11,14962,E.P,0
408,13,14975,E.P,0
409,16,14991,E.P,0
410,13,15004,E.P,0
411,17,15021,E.P,0
412,15,15036,E.P,0
413,22,15058,E.P,0
414,86,15144,Other,0
415,83,15227,Other,0
416,23,15250,Other,0
417,16,15266,Other,0
418,15,15281,Other,0
419,27,15308,Other,0
420,19,15327,E.P,0
421,8,15335,E.P,0
422,23,15358,E.P,0
423,37,15395,E.P,0
424,59,15454,E.P,0
425,92,15546,E.P,0
426,24,15570,Other,0
427,40,15610,E.P,0
428,24,15634,Other,0
429,13,15647,E.P,0
430,22,15669,E.P,0
431,50,15719,E.P,0
432,32,15751,E.P,0
433,54,15805,E.P,0
434,72,15877,E.P,0
435,43,15920,E.P,0
436,19,15939,E.P,0
437,43,15982,E.P,0
438,18,16000,E.P,0
439,32,16032,E.P,0
440,30,16062,E.P,0
441,18,16080,E.P,0
442,20,16100,E.P,0
443,31,16131,E.P,0
444,27,16158,E.P,0
445,44,16202,E.P,0
446,22,16224,Other,0
447,15,16239,E.P,0
448,11,16250,Other,0
449,15,16265,E.P,0
450,10,16275,Other,0
451,37,16312,Other,0
452,28,16340,Other,0
453,12,16352,E.P,0
454,67,16419,E.P,0
455,20,16439,Other,0
456,11,16450,E.P,0
457,11,16461,Other,0
458,31,16492,E.P,0
459,25,16517,E.P,0
460,19,16536,E.P,0
461,23,16559,E.P,0
462,25,16584,E.P,0
463,33,16617,E.P,0
464,23,16640,Other,0
465,26,16666,E.P,0
466,148,16814,E.P,0
467,49,16863,E.P,0
468,62,16925,Other,0
469,16,16941,Other,0
470,24,16965,E.P,0
471,26,16991,Other,0
472,19,17010,E.P,0
473,34,17044,E.P,0
474,79,17123,Other,0
475,24,17147,E.P,0
476,20,17167,Other,0
477,219,17386,E.P,0
478,44,17430,E.P,0
479,22,17452,E.P,0
480,57,17509,E.P,0
481,53,17562,E.P,0
482,39,17601,E.P,0
483,39,17640,E.P,0
484,34,17674,E.P,0
485,118,17792,Other,0
486,32,17824,E.P,0
487,75,17899,Other,0
488,22,17921,E.P,0
489,31,17952,E.P,0
490,22,17974,Other,0
491,25,17999,E.P,0
492,35,18034,Other,0
493,16,18050,E.P,0
494,41,18091,E.P,0
495,78,18169,E.P,0
496,38,18207,Other,0
497,36,18243,E.P,0
498,39,18282,Other,0
499,126,18408,E.P,0
500,51,18459,E.P,0
501,18,18477,Other,0
502,35,18512,E.P,0
503,65,18577,E.P,0
504,22,18599,E.P,0
505,89,18688,E.P,0
506,69,18757,E.P,0
507,181,18938,E.P,0
508,41,18979,E.P,0
509,40,19019,E.P,0
510,37,19056,E.P,0
511,17,19073,E.P,0
512,32,19105,E.P,0
513,20,19125,E.P,0
514,36,19161,Other,0
515,18,19179,Other,0
516,21,19200,Other,0
517,14,19214,Other,0
518,69,19283,Other,0
519,19,19302,E.P,0
520,36,19338,Other,0
521,22,19360,E.P,0
522,44,19404,Other,0
523,91,19495,E.P,0
524,16,19511,Other,0
525,20,19531,E.P,0
526,36,19567,E.P,0
527,23,19590,Other,0
528,17,19607,E.P,0
529,14,19621,E.P,0
530,20,19641,Other,0
531,3,19644,Other,0
532,9,19653,E.P,0
533,7,19660,Other,0
534,148,19808,E.P,0
535,30,19838,E.P,0
536,24,19862,Other,0
537,92,19954,E.P,0
538,21,19975,Other,0
539,20,19995,Other,0
540,19,20014,Other,0
541,15,20029,Other,0
542,17,20046,E.P,0
543,34,20080,E.P,0
544,12,20092,E.P,0
545,20,20112,Other,0
546,7,20119,E.P,0
547,13,20132,E.P,0
548,68,20200,Other,0
549,43,20243,E.P,0
550,15,20258,E.P,0
551,67,20325,E.P,0
552,42,20367,E.P,0
553,27,20394,Other,0
554,21,20415,Other,0
555,17,20432,Other,0
556,67,20499,Other,0
557,15,20514,Other,0
558,41,20555,Other,0
559,18,20573,Other,0
560,56,20629,Other,0
561,38,20667,Other,0
562,67,20734,Other,0
563,8,20742,Other,0
564,16,20758,Other,0
565,15,20773,Other,0
566,53,20826,Other,0
567,144,20970,Other,0
568,117,21087,Other,0
569,18,21105,Other,0
570,29,21134,Other,0
571,16,21150,Other,0
572,29,21179,Other,0
573,30,21209,Other,0
574,38,21247,Other,0
575,33,21280,Other,0
576,16,21296,Other,0
577,63,21359,Other,0
578,17,21376,Other,0
579,42,21418,Other,0
580,28,21446,Other,0
581,125,21571,Other,0
582,9,21580,Other,0
583,32,21612,Other,0
584,16,21628,Other,0
585,91,21719,Other,0
586,40,21759,Other,0
587,8,21767,Other,0
588,17,21784,Other,0
589,25,21809,Other,0
590,24,21833,Other,0
591,21,21854,Other,0
592,30,21884,Other,0
593,12,21896,Other,0
594,44,21940,Other,0
595,13,21953,Other,0
596,10,21963,Other,0
597,9,21972,Other,0
598,7,21979,Other,0
599,19,21998,Other,0
600,11,22009,Other,0
601,16,22025,Other,0
602,8,22033,Other,0
603,62,22095,Other,0
604,18,22113,Other,0
605,16,22129,Other,0
606,13,22142,Other,0
607,34,22176,Other,0
608,26,22202,Other,0
609,11,22213,Other,0
610,20,22233,Other,0
611,13,22246,Other,0
612,59,22305,Other,0
613,35,22340,Other,0
614,36,22376,Other,0
615,99,22475,Other,0
616,29,22504,Other,0
617,34,22538,Other,0
618,38,22576,Other,0
619,10,22586,Other,0
620,18,22604,Other,0
621,19,22623,Other,0
622,22,22645,Other,0
623,22,22667,Other,0
624,6,22673,Other,0
625,10,22683,Other,0
626,15,22698,Other,0
627,16,22714,Other,0
628,7,22721,Other,0
629,12,22733,Other,0
630,9,22742,Other,0
631,11,22753,Other,0
632,16,22769,Other,0
633,18,22787,Other,0
634,9,22796,Other,0
635,16,22812,Other,0
636,15,22827,Other,0
637,7,22834,Other,0
638,9,22843,Other,0
639,13,22856,Other,0
640,13,22869,Other,0
641,29,22898,Other,0
642,11,22909,Other,0
643,11,22920,Other,0
644,13,22933,Other,0
645,17,22950,Other,0
646,27,22977,Other,0
647,21,22998,Other,0
648,11,23009,Other,0
649,41,23050,Other,0
650,62,23112,Other,0
651,39,23151,Other,0
652,33,23184,Other,0
653,32,23216,Other,0
654,22,23238,Other,0
655,12,23250,Other,0
656,11,23261,Other,0
657,36,23297,Other,0
658,10,23307,Other,0
659,23,23330,Other,0
660,73,23403,Other,0
661,34,23437,E.P,0
662,26,23463,E.P,0
663,53,23516,E.P,0
664,21,23537,E.P,0
665,49,23586,E.P,0
666,25,23611,E.P,0
667,29,23640,E.P,0
668,25,23665,E.P,0
669,24,23689,E.P,0
670,16,23705,E.P,0
671,14,23719,E.P,0
672,131,23850,E.P,0
673,214,24064,E.P,0
674,29,24093,Other,0
675,83,24176,E.P,0
676,72,24248,E.P,0
677,8,24256,E.P,0
678,40,24296,E.P,0
679,23,24319,E.P,0
680,26,24345,Other,0
681,55,24400,E.P,0
682,25,24425,E.P,0
683,56,24481,Other,0
684,24,24505,Other,0
685,23,24528,Other,0
686,31,24559,Other,0
687,34,24593,Other,0
688,10,24603,Other,0
689,10,24613,Other,0
690,34,24647,Other,0
691,36,24683,Other,0
692,6,24689,Other,0
693,31,24720,Other,0
694,47,24767,Other,0
695,29,24796,Other,0
696,30,24826,Other,0
697,16,24842,Other,0
698,69,24911,Other,0
699,24,24935,Other,0
700,26,24961,Other,0
701,70,25031,Other,0
702,100,25131,Other,0
703,38,25169,Other,0
704,27,25196,Other,0
705,75,25271,Other,0
706,35,25306,Other,0
707,29,25335,Other,0
708,112,25447,Other,0
709,59,25506,Other,0
710,71,25577,Other,0
711,51,25628,Other,0
712,117,25745,Other,0
713,37,25782,Other,0
714,54,25836,Other,0
715,24,25860,E.P,0
716,13,25873,Other,0
717,18,25891,E.P,0
718,12,25903,Other,0
719,17,25920,E.P,0
720,12,25932,Other,0
721,18,25950,Other,0
722,43,25993,Other,0
723,57,26050,Other,0
724,37,26087,Other,0
725,12,26099,Other,0
726,15,26114,Other,0
727,107,26221,Other,0
728,26,26247,Other,0
729,6,26253,Other,0
730,48,26301,Other,0
731,38,26339,Other,0
732,26,26365,Other,0
733,245,26610,Other,0
734,76,26686,Other,0
735,26,26712,Other,0
736,26,26738,Other,0
737,13,26751,Other,0
738,53,26804,Other,0
739,33,26837,Other,0
740,31,26868,Other,0
741,23,26891,Other,0
742,49,26940,Other,0
743,10,26950,Other,0
744,17,26967,Other,0
745,38,27005,Other,0
746,48,27053,Other,0
747,19,27072,Other,0
748,120,27192,Other,0
749,33,27225,Other,0
750,202,27427,Other,0
751,93,27520,Other,0
752,32,27552,Other,0
753,10,27562,Other,0
754,65,27627,Other,0
755,23,27650,Other,0
756,14,27664,Other,0
757,27,27691,Other,0
758,39,27730,Other,0
759,44,27774,Other,0
760,57,27831,Other,0
761,66,27897,Other,0
762,45,27942,Other,0
763,95,28037,Other,0
764,23,28060,Other,0
765,52,28112,Other,0
766,76,28188,Other,0
767,54,28242,Other,0
768,22,28264,Other,0
769,81,28345,Other,0
770,38,28383,Other,0
771,26,28409,Other,0
772,52,28461,E.P,0
773,40,28501,E.P,0
774,40,28541,E.P,0
775,22,28563,E.P,0
776,21,28584,E.P,0
777,31,28615,E.P,0
778,56,28671,E.P,0
779,30,28701,E.P,0
780,12,28713,E.P,0
781,15,28728,E.P,0
782,21,28749,E.P,0
783,56,28805,E.P,0
784,68,28873,E.P,0
785,26,28899,E.P,0
786,25,28924,Other,0
787,8,28932,Other,0
788,17,28949,E.P,0
789,43,28992,E.P,0
790,124,29116,E.P,0
791,10,29126,E.P,0
792,22,29148,Other,0
793,45,29193,E.P,0
794,40,29233,Other,0
795,42,29275,E.P,0
796,53,29328,Other,0
797,29,29357,E.P,0
798,24,29381,Other,0
799,13,29394,E.P,0
800,15,29409,Other,0
801,25,29434,E.P,0
802,12,29446,Other,0
803,12,29458,E.P,0
804,46,29504,Other,0
805,28,29532,E.P,0
806,42,29574,Other,0
807,57,29631,E.P,0
808,54,29685,Other,0
809,73,29758,E.P,0
810,78,29836,Other,0
811,49,29885,Other,0
812,7,29892,Other,0
813,9,29901,Other,0
814,17,29918,Other,0
815,53,29971,Other,0
816,29,30000,Other,0
817,28,30028,Other,0
818,51,30079,Other,0
819,73,30152,Other,0
820,11,30163,Other,0
821,102,30265,Other,0
822,41,30306,Other,0
823,29,30335,Other,0
824,34,30369,Other,0
825,19,30388,E.P,0
826,27,30415,Other,0
827,70,30485,E.P,0
828,35,30520,E.P,0
829,29,30549,Other,0
830,13,30562,Other,0
831,55,30617,Other,0
832,29,30646,Other,0
833,46,30692,E.P,0
834,12,30704,Other,0
835,22,30726,E.P,0
836,45,30771,Other,0
837,17,30788,E.P,0
838,32,30820,Other,0
839,32,30852,E.P,0
840,18,30870,Other,0
841,65,30935,Other,0
842,47,30982,Other,0
843,41,31023,Other,0
844,54,31077,E.P,0
845,12,31089,Other,0
846,28,31117,E.P,0
847,15,31132,Other,0
848,59,31191,Other,0
849,11,31202,Other,0
850,41,31243,E.P,0
851,32,31275,Other,0
852,38,31313,Other,0
853,32,31345,Other,0
854,59,31404,Other,0
855,14,31418,Other,0
856,26,31444,Other,0
857,16,31460,Other,0
858,46,31506,Other,0
859,31,31537,Other,0
860,87,31624,E.P,0
861,55,31679,E.P,0
862,54,31733,Other,0
863,22,31755,Other,0
864,8,31763,Other,0
865,27,31790,Other,0
866,19,31809,Other,0
867,10,31819,Other,0
868,12,31831,Other,0
869,31,31862,Other,0
870,10,31872,Other,0
871,22,31894,Other,0
872,86,31980,E.P,0
873,18,31998,Other,0
874,13,32011,Other,0
875,20,32031,Other,0
876,53,32084,Other,0
877,35,32119,E.P,0
878,18,32137,E.P,0
879,22,32159,E.P,0
880,34,32193,E.P,0
881,36,32229,E.P,0
882,75,32304,E.P,0
883,27,32331,E.P,0
884,24,32355,Other,0
885,54,32409,E.P,0
886,39,32448,Other,0
887,41,32489,E.P,0
888,56,32545,Other,0
889,37,32582,E.P,0
890,61,32643,Other,0
891,33,32676,E.P,0
892,77,32753,Other,0
893,94,32847,Other,0
894,25,32872,E.P,0
895,29,32901,Other,0
896,18,32919,E.P,0
897,22,32941,Other,0
898,38,32979,E.P,0
899,70,33049,E.P,0
900,25,33074,E.P,0
901,47,33121,Other,0
902,32,33153,Other,0
903,28,33181,E.P,0
904,27,33208,E.P,0
905,17,33225,E.P,0
906,31,33256,Other,0
907,26,33282,E.P,0
908,29,33311,E.P,0
909,45,33356,Other,0
910,23,33379,Other,0
911,41,33420,Other,0
912,16,33436,E.P,0
913,28,33464,E.P,0
914,46,33510,E.P,0
915,23,33533,Other,0
916,15,33548,E.P,0
917,27,33575,Other,0
918,27,33602,E.P,0
919,37,33639,Other,0
920,38,33677,E.P,0
921,17,33694,Other,0
922,31,33725,E.P,0
923,36,33761,E.P,0
924,22,33783,E.P,0
925,12,33795,E.P,0
926,102,33897,E.P,0
927,111,34008,E.P,0
928,12,34020,Other,0
929,20,34040,E.P,0
930,18,34058,Other,0
931,117,34175,E.P,0
932,50,34225,Other,0
933,17,34242,Other,0
934,18,34260,Other,0
935,31,34291,Other,0
936,25,34316,E.P,0
937,19,34335,Other,0
938,24,34359,Other,0
939,62,34421,Other,0
940,21,34442,E.P,0
941,37,34479,Other,0
942,16,34495,E.P,0
943,46,34541,Other,0
944,9,34550,E.P,0
945,9,34559,Other,0
946,17,34576,Other,0
947,24,34600,E.P,0
948,7,34607,E.P,0
949,33,34640,E.P,0
950,42,34682,Other,0
951,36,34718,E.P,0
952,14,34732,Other,0
953,37,34769,Other,0
954,42,34811,E.P,0
955,21,34832,Other,0
956,22,34854,E.P,0
957,64,34918,Other,0
958,22,34940,E.P,0
959,11,34951,E.P,0
960,11,34962,Other,0
961,16,34978,E.P,0
962,20,34998,Other,0
963,31,35029,E.P,0
964,40,35069,E.P,0
965,22,35091,E.P,0
966,34,35125,E.P,0
967,30,35155,E.P,0
968,57,35212,E.P,0
969,17,35229,E.P,0
970,22,35251,E.P,0
971,23,35274,E.P,0
972,26,35300,E.P,0
973,16,35316,E.P,0
974,91,35407,E.P,0
975,38,35445,E.P,0
976,26,35471,E.P,0
977,22,35493,E.P,0
978,16,35509,E.P,0
979,11,35520,E.P,0
980,21,35541,E.P,0
981,16,35557,E.P,0
982,27,35584,Other,0
983,13,35597,E.P,0
984,37,35634,Other,0
985,16,35650,E.P,0
986,8,35658,E.P,0
987,18,35676,E.P,0
988,13,35689,Other,0
989,8,35697,E.P,0
990,4,35701,E.P,0
991,15,35716,Other,0
992,5,35721,Other,0
993,6,35727,Other,0
994,8,35735,Other,0
995,11,35746,Other,0
996,33,35779,E.P,0
997,20,35799,Other,0
998,18,35817,E.P,0
999,15,35832,Other,0
1000,17,35849,E.P,0
1001,39,35888,E.P,0
1002,39,35927,Other,0
1003,66,35993,E.P,0
1004,29,36022,Other,0
1005,23,36045,E.P,0
1006,28,36073,Other,0
1007,5,36078,Other,0
1008,47,36125,E.P,0
1009,35,36160,Other,0
1010,21,36181,E.P,0
1011,12,36193,E.P,0
1012,21,36214,Other,0
1013,36,36250,E.P,0
1014,9,36259,Other,0
1015,14,36273,Other,0
1016,21,36294,Other,0
1017,33,36327,E.P,0
1018,78,36405,Other,0
1019,11,36416,E.P,0
1020,20,36436,Other,0
1021,41,36477,Other,0
1022,124,36601,Other,0
1023,32,36633,Other,0
1024,42,36675,Other,0
1025,77,36752,Other,0
1026,34,36786,Other,0
1027,33,36819,Other,0
1028,51,36870,Other,0
1029,21,36891,Other,0
1030,32,36923,Other,0
1031,22,36945,Other,0
1032,46,36991,Other,0
1033,58,37049,Other,0
1034,23,37072,Other,0
1035,10,37082,Other,0
1036,18,37100,Other,0
1037,107,37207,Other,0
1038,44,37251,Other,0
1039,57,37308,Other,0
1040,278,37586,Other,0
1041,59,37645,Other,0
1042,95,37740,Other,0
1043,66,37806,Other,0
1044,25,37831,Other,0
1045,71,37902,Other,0
1046,30,37932,Other,0
1047,27,37959,Other,0
1048,21,37980,Other,0
1049,20,38000,Other,0
1050,10,38010,Other,0
1051,8,38018,Other,0
1052,26,38044,Other,0
1053,27,38071,Other,0
1054,122,38193,Other,0
1055,58,38251,Other,0
1056,21,38272,Other,0
1057,35,38307,Other,0
1058,15,38322,Other,0
1059,22,38344,Other,0
1060,21,38365,Other,0
1061,8,38373,Other,0
1062,16,38389,Other,0
1063,169,38558,Other,0
1064,43,38601,Other,0
1065,37,38638,Other,0
1066,111,38749,Other,0
1067,36,38785,Other,0
1068,67,38852,Other,0
1069,32,38884,Other,0
1070,19,38903,E.P,0
1071,5,38908,E.P,0
1072,16,38924,Other,0
1073,23,38947,E.P,0
1074,36,38983,Other,0
1075,44,39027,Other,0
1076,20,39047,Other,0
1077,5,39052,Other,0
1078,8,39060,Other,0
1079,10,39070,Other,0
1080,6,39076,Other,0
1081,35,39111,Other,0
1082,28,39139,Other,0
1083,34,39173,Other,0
1084,11,39184,Other,0
1085,37,39221,Other,0
1086,52,39273,Other,0
1087,27,39300,Other,0
1088,68,39368,Other,0
1089,7,39375,Other,0
1090,10,39385,Other,0
1091,11,39396,Other,0
1092,11,39407,Other,0
1093,7,39414,Other,0
1094,42,39456,Other,0
1095,10,39466,Other,0
1096,9,39475,Other,0
1097,11,39486,Other,0
1098,6,39492,Other,0
1099,33,39525,Other,0
1100,4,39529,Other,0
1101,43,39572,Other,0
1102,7,39579,Other,0
1103,10,39589,Other,0
1104,31,39620,Other,0
1105,10,39630,Other,0
1106,21,39651,Other,0
1107,7,39658,Other,0
1108,16,39674,Other,0
1109,12,39686,Other,0
1110,5,39691,Other,0
1111,9,39700,Other,0
1112,7,39707,Other,0
1113,12,39719,Other,0
1114,8,39727,Other,0
1115,16,39743,Other,0
1116,10,39753,Other,0
1117,10,39763,Other,0
1118,12,39775,Other,0
1119,7,39782,Other,0
1120,10,39792,Other,0
1121,10,39802,Other,0
1122,14,39816,Other,0
1123,44,39860,Other,0
1124,59,39919,Other,0
1125,16,39935,Other,0
1126,45,39980,Other,0
1127,35,40015,Other,0
1128,90,40105,Other,0
1129,17,40122,Other,0
1130,41,40163,Other,0
1131,74,40237,Other,0
1132,95,40332,E.P,0
1133,8,40340,E.P,0
1134,39,40379,E.P,0
1135,34,40413,Other,0
1136,138,40551,E.P,0
1137,19,40570,Other,0
1138,28,40598,Other,0
1139,182,40780,E.P,0
1140,21,40801,Other,0
1141,10,40811,E.P,0
1142,134,40945,E.P,0
1143,31,40976,E.P,0
1144,59,41035,Other,0
1145,7,41042,Other,0
1146,20,41062,Other,0
1147,28,41090,Other,0
1148,21,41111,Other,0
1149,77,41188,Other,0
1150,68,41256,E.P,0
1151,78,41334,Other,0
1152,17,41351,Other,0
1153,11,41362,Other,0
1154,18,41380,Other,0
1155,86,41466,Other,0
1156,68,41534,Other,0
1157,37,41571,E.P,0
1158,60,41631,Other,0
1159,65,41696,Other,0
1160,62,41758,Other,0
1161,20,41778,Other,0
1162,68,41846,Other,0
1163,28,41874,Other,0
1164,10,41884,Other,0
1165,9,41893,Other,0
1166,103,41996,Other,0
1167,39,42035,Other,0
1168,60,42095,Other,0
1169,44,42139,Other,0
1170,29,42168,Other,0
1171,19,42187,Other,0
1172,27,42214,Other,0
1173,81,42295,Other,0
1174,36,42331,Other,0
1175,43,42374,Other,0
1176,20,42394,Other,0
1177,43,42437,Other,0
1178,34,42471,Other,0
1179,10,42481,Other,0
1180,29,42510,Other,0
1181,33,42543,Other,0
1182,27,42570,Other,0
1183,12,42582,Other,0
1184,24,42606,Other,0
1185,10,42616,Other,0
1186,116,42732,Other,0
1187,28,42760,Other,0
1188,27,42787,Other,0
1189,15,42802,Other,0
1190,38,42840,Other,0
1191,46,42886,Other,0
1192,80,42966,Other,0
1193,119,43085,Other,0
1194,43,43128,Other,0
1195,23,43151,Other,0
1196,56,43207,Other,0
1197,58,43265,Other,0
1198,73,43338,Other,0
1199,23,43361,Other,0
1200,40,43401,Other,0
1201,14,43415,Other,0
1202,67,43482,Other,0
1203,27,43509,Other,0
1204,19,43528,Other,0
1205,20,43548,Other,0
1206,24,43572,E.P,0
1207,19,43591,Other,0
1208,5,43596,Other,0
1209,30,43626,E.P,0
1210,80,43706,Other,0
1211,37,43743,Other,0
1212,53,43796,Other,0
1213,20,43816,Other,0
1214,32,43848,Other,0
1215,16,43864,Other,0
1216,24,43888,Other,0
1217,112,44000,Other,0
1218,42,44042,Other,0
1219,88,44130,Other,0
1220,17,44147,Other,0
1221,75,44222,Other,0
1222,11,44233,Other,0
1223,34,44267,Other,0
1224,23,44290,Other,0
1225,28,44318,Other,0
1226,39,44357,Other,0
1227,45,44402,Other,0
1228,35,44437,Other,0
1229,94,44531,Other,0
1230,39,44570,Other,0
1231,48,44618,Other,0
1232,231,44849,Other,0
1233,36,44885,Other,0
1234,23,44908,E.P,0
1235,8,44916,E.P,0
1236,42,44958,E.P,0
1237,28,44986,E.P,0
1238,26,45012,E.P,0
1239,26,45038,E.P,0
1240,24,45062,E.P,0
1241,24,45086,E.P,0
1242,22,45108,E.P,0
1243,17,45125,E.P,0
1244,22,45147,E.P,0
1245,186,45333,E.P,0
1246,29,45362,E.P,0
1247,46,45408,Other,0
1248,18,45426,Other,0
1249,26,45452,Other,0
1250,53,45505,Other,0
1251,34,45539,Other,0
1252,43,45582,Other,0
1253,35,45617,Other,0
1254,18,45635,Other,0
1255,36,45671,E.P,0
1256,78,45749,E.P,0
1257,18,45767,Other,0
1258,19,45786,Other,0
1259,34,45820,Other,0
1260,38,45858,Other,0
1261,17,45875,E.P,0
1262,15,45890,Other,0
1263,29,45919,Other,0
1264,15,45934,Other,0
1265,25,45959,Other,0
1266,16,45975,Other,0
1267,16,45991,Other,0
1268,45,46036,Other,0
1269,40,46076,Other,0
1270,27,46103,Other,0
1271,39,46142,Other,0
1272,29,46171,Other,0
1273,51,46222,Other,0
1274,29,46251,Other,0
1275,30,46281,Other,0
1276,41,46322,Other,0
1277,75,46397,Other,0
1278,150,46547,Other,0
1279,73,46620,Other,0
1280,62,46682,Other,0
1281,19,46701,Other,0
1282,13,46714,Other,0
1283,27,46741,Other,0
1284,50,46791,Other,0
1285,67,46858,Other,0
1286,43,46901,Other,0
1287,26,46927,Other,0
1288,30,46957,Other,0
1289,15,46972,Other,0
1290,15,46987,Other,0
1291,17,47004,Other,0
1292,10,47014,Other,0
1293,53,47067,Other,0
1294,11,47078,Other,0
1295,14,47092,Other,0
1296,18,47110,Other,0
1297,26,47136,Other,0
1298,54,47190,Other,0
1299,26,47216,Other,0
1300,39,47255,Other,0
1301,34,47289,Other,0
1302,107,47396,Other,0
1303,77,47473,Other,0
1304,6,47479,Other,0
1305,11,47490,Other,0
1306,26,47516,Other,0
1307,42,47558,Other,0
1308,56,47614,Other,0
1309,27,47641,Other,0
1310,46,47687,Other,0
1311,19,47706,Other,0
1312,56,47762,Other,0
1313,44,47806,Other,0
1314,15,47821,Other,0
1315,18,47839,Other,0
1316,64,47903,Other,0
1317,19,47922,Other,0
1318,81,48003,Other,0
1319,21,48024,Other,0
1320,18,48042,Other,0
1321,14,48056,Other,0
1322,10,48066,Other,0
1323,28,48094,Other,0
1324,15,48109,Other,0
1325,17,48126,Other,0
1326,26,48152,Other,0
1327,23,48175,Other,0
1328,17,48192,Other,0
1329,12,48204,Other,0
1330,11,48215,Other,0
1331,8,48223,Other,0
1332,15,48238,Other,0
1333,14,48252,Other,0
1334,28,48280,Other,0
1335,7,48287,Other,0
1336,8,48295,Other,0
1337,30,48325,Other,0
1338,16,48341,Other,0
1339,27,48368,E.P,0
1340,26,48394,Other,0
1341,15,48409,E.P,0
1342,28,48437,Other,0
1343,17,48454,Other,0
1344,14,48468,Other,0
1345,17,48485,Other,0
1346,15,48500,Other,0
1347,11,48511,Other,0
1348,14,48525,Other,0
1349,18,48543,Other,0
1350,15,48558,Other,0
1351,23,48581,Other,0
1352,44,48625,Other,0
1353,16,48641,Other,0
1354,28,48669,Other,0
1355,27,48696,E.P,0
1356,16,48712,Other,0
1357,30,48742,E.P,0
1358,43,48785,Other,0
1359,48,48833,E.P,0
1360,44,48877,Other,0
1361,59,48936,E.P,0
1362,19,48955,Other,0
1363,27,48982,Other,0
1364,170,49152,Other,0
1365,89,49241,Other,0
1366,18,49259,Other,0
1367,55,49314,Other,0
1368,20,49334,Other,0
1369,37,49371,Other,0
1370,87,49458,Other,0
1371,138,49596,E.P,0
1372,60,49656,Other,0
1373,10,49666,Other,0
1374,15,49681,Other,0
1375,7,49688,Other,0
1376,26,49714,Other,0
1377,16,49730,Other,0
1378,10,49740,Other,0
1379,7,49747,Other,0
1380,25,49772,Other,0
1381,12,49784,Other,0
1382,10,49794,Other,0
1383,18,49812,Other,0
1384,5,49817,Other,0
1385,42,49859,Other,0
1386,11,49870,Other,0
1387,52,49922,Other,0
1388,7,49929,Other,0
1389,35,49964,Other,0
1390,10,49974,Other,0
1391,22,49996,Other,0
1392,19,50015,Other,0
1393,100,50115,Other,0
1394,38,50153,Other,0
1395,47,50200,Other,0
1396,41,50241,Other,0
1397,25,50266,Other,0
1398,23,50289,E.P,0
1399,77,50366,Other,0
1400,11,50377,Other,0
1401,12,50389,Other,0
1402,23,50412,Other,0
1403,6,50418,Other,0
1404,11,50429,Other,0
1405,14,50443,Other,0
1406,50,50493,Other,0
1407,26,50519,Other,0
1408,42,50561,Other,0
1409,21,50582,Other,0
1410,47,50629,E.P,0
1411,37,50666,Other,0
1412,8,50674,Other,0
1413,43,50717,Other,0
1414,13,50730,Other,0
1415,15,50745,Other,0
1416,19,50764,Other,0
1417,13,50777,Other,0
1418,9,50786,Other,0
1419,5,50791,Other,0
1420,16,50807,E.P,0
1421,11,50818,Other,0
1422,5,50823,Other,0
1423,5,50828,Other,0
1424,48,50876,Other,0
1425,21,50897,Other,0
1426,47,50944,Other,0
1427,33,50977,E.P,0
1428,21,50998,Other,0
1429,50,51048,Other,0
1430,57,51105,Other,0
1431,10,51115,Other,0
1432,17,51132,Other,0
1433,36,51168,Other,0
1434,11,51179,Other,0
1435,27,51206,Other,0
1436,32,51238,Other,0
1437,27,51265,Other,0
1438,11,51276,Other,0
1439,16,51292,Other,0
1440,23,51315,Other,0
1441,57,51372,Other,0
1442,70,51442,Other,0
1443,41,51483,E.P,0
1444,33,51516,Other,0
1445,128,51644,E.P,0
1446,26,51670,Other,0
1447,27,51697,Other,0
1448,25,51722,Other,0
1449,28,51750,Other,0
1450,39,51789,Other,0
1451,82,51871,Other,0
1452,11,51882,Other,0
1453,20,51902,Other,0
1454,13,51915,Other,0
1455,8,51923,Other,0
1456,15,51938,Other,0
1457,48,51986,Other,0
1458,23,52009,Other,0
1459,14,52023,Other,0
1460,66,52089,Other,0
1461,13,52102,Other,0
1462,32,52134,Other,0
1463,20,52154,Other,0
1464,42,52196,Other,0
1465,20,52216,Other,0
1466,57,52273,Other,0
1467,75,52348,Other,0
1468,55,52403,Other,0
1469,33,52436,Other,0
1470,10,52446,Other,0
1471,21,52467,Other,0
1472,21,52488,Other,0
1473,12,52500,Other,0
1474,16,52516,Other,0
1475,17,52533,Other,0
1476,46,52579,Other,0
1477,7,52586,Other,0
1478,24,52610,Other,0
1479,18,52628,Other,0
1480,20,52648,Other,0
1481,24,52672,Other,0
1482,42,52714,Other,0
1483,8,52722,Other,0
1484,7,52729,Other,0
1485,58,52787,Other,0
1486,6,52793,Other,0
1487,11,52804,Other,0
1488,19,52823,Other,0
1489,27,52850,Other,0
1490,29,52879,Other,0
1491,35,52914,Other,0
1492,24,52938,Other,0
1493,11,52949,Other,0
1494,67,53016,E.P,0
1495,15,53031,Other,0
1496,13,53044,E.P,0
1497,15,53059,Other,0
1498,150,53209,E.P,0
1499,28,53237,Other,0
1500,7,53244,Other,0
1501,30,53274,Other,0
1502,20,53294,Other,0
1503,23,53317,Other,0
1504,23,53340,Other,0
1505,36,53376,Other,0
1506,20,53396,Other,0
1507,13,53409,Other,0
1508,21,53430,Other,0
1509,15,53445,Other,0
1510,11,53456,Other,0
1511,17,53473,Other,0
1512,142,53615,Other,0
1513,22,53637,Other,0
1514,106,53743,Other,0
1515,55,53798,Other,0
1516,64,53862,Other,0
1517,70,53932,Other,0
1518,15,53947,Other,0
1519,10,53957,Other,0
1520,43,54000,Other,0
1521,21,54021,Other,0
1522,12,54033,Other,0
1523,27,54060,Other,0
1524,42,54102,Other,0
1525,27,54129,Other,0
1526,11,54140,Other,0
1527,17,54157,Other,0
1528,14,54171,Other,0
1529,17,54188,Other,0
1530,9,54197,Other,0
1531,7,54204,Other,0
1532,19,54223,Other,0
1533,51,54274,Other,0
1534,12,54286,Other,0
1535,32,54318,Other,0
1536,38,54356,Other,0
1537,21,54377,Other,0
1538,22,54399,Other,0
1539,94,54493,Other,0
1540,56,54549,Other,0
1541,48,54597,Other,0
1542,69,54666,Other,0
1543,56,54722,Other,0
1544,40,54762,E.P,0
1545,36,54798,E.P,0
1546,22,54820,Other,0
1547,5,54825,Other,0
1548,17,54842,E.P,0
1549,32,54874,Other,0
1550,29,54903,Other,0
1551,21,54924,E.P,0
1552,151,55075,Other,0
1553,62,55137,Other,0
1554,43,55180,Other,0
1555,83,55263,Other,0
1556,100,55363,Other,0
1557,21,55384,Other,0
1558,54,55438,Other,0
1559,48,55486,Other,0
1560,16,55502,Other,0
1561,79,55581,Other,0
1562,60,55641,Other,0
1563,26,55667,Other,0
1564,12,55679,Other,0
1565,24,55703,E.P,0
1566,36,55739,Other,0
1567,36,55775,E.P,0
1568,8,55783,E.P,0
1569,39,55822,E.P,0
1570,94,55916,Other,0
1571,24,55940,E.P,0
1572,35,55975,E.P,0
1573,70,56045,Other,0
1574,18,56063,Other,0
1575,45,56108,Other,0
1576,35,56143,E.P,0
1577,27,56170,Other,0
1578,77,56247,E.P,0
1579,30,56277,Other,0
1580,6,56283,Other,0
1581,9,56292,Other,0
1582,12,56304,Other,0
1583,16,56320,Other,0
1584,15,56335,Other,0
1585,11,56346,Other,0
1586,15,56361,Other,0
1587,27,56388,Other,0
1588,12,56400,Other,0
1589,27,56427,Other,0
1590,52,56479,Other,0
1591,8,56487,Other,0
1592,184,56671,Other,0
1593,91,56762,Other,0
1594,25,56787,Other,0
1595,19,56806,Other,0
1596,54,56860,Other,0
1597,11,56871,Other,0
1598,26,56897,Other,0
1599,26,56923,Other,0
1600,40,56963,Other,0
1601,45,57008,Other,0
1602,25,57033,Other,0
1603,44,57077,Other,0
1604,33,57110,Other,0
1605,10,57120,Other,0
1606,44,57164,Other,0
1607,20,57184,Other,0
1608,123,57307,Other,0
1609,88,57395,Other,0
1610,19,57414,Other,0
1611,34,57448,Other,0
1612,35,57483,Other,0
1613,12,57495,Other,0
1614,33,57528,Other,0
1615,24,57552,Other,0
1616,35,57587,Other,0
1617,28,57615,Other,0
1618,23,57638,Other,0
1619,50,57688,Other,0
1620,77,57765,E.P,0
1621,19,57784,Other,0
1622,14,57798,Other,0
1623,26,57824,E.P,0
1624,25,57849,Other,0
1625,19,57868,Other,0
1626,13,57881,Other,0
1627,37,57918,Other,0
1628,34,57952,Other,0
1629,102,58054,Other,0
1630,18,58072,Other,0
1631,41,58113,Other,0
1632,72,58185,Other,0
1633,16,58201,E.P,0
1634,69,58270,Other,0
1635,16,58286,E.P,0
1636,26,58312,Other,0
1637,39,58351,E.P,0
1638,40,58391,Other,0
1639,7,58398,Other,0
1640,26,58424,Other,0
1641,15,58439,Other,0
1642,48,58487,Other,0
1643,20,58507,Other,0
1644,16,58523,Other,0
1645,16,58539,Other,0
1646,29,58568,Other,0
1647,11,58579,Other,0
1648,10,58589,Other,0
1649,20,58609,Other,0
1650,23,58632,Other,0
1651,19,58651,Other,0
1652,29,58680,Other,0
1653,19,58699,Other,0
1654,30,58729,Other,0
1655,30,58759,Other,0
1656,10,58769,Other,0
1657,23,58792,Other,0
1658,11,58803,Other,0
1659,11,58814,Other,0
1660,27,58841,Other,0
1661,11,58852,Other,0
1662,18,58870,Other,0
1663,12,58882,Other,0
1664,14,58896,Other,0
1665,11,58907,Other,0
1666,7,58914,Other,0
1667,11,58925,Other,0
1668,12,58937,Other,0
1669,47,58984,Other,0
1670,15,58999,Other,0
1671,26,59025,Other,0
1672,24,59049,Other,0
1673,30,59079,Other,0
1674,11,59090,Other,0
1675,9,59099,Other,0
1676,13,59112,Other,0
1677,10,59122,Other,0
1678,16,59138,Other,0
1679,12,59150,Other,0
1680,18,59168,Other,0
1681,16,59184,Other,0
1682,22,59206,Other,0
1683,12,59218,Other,0
1684,173,59391,Other,0
1685,18,59409,Other,0
1686,21,59430,Other,0
1687,18,59448,Other,0
1688,28,59476,Other,0
1689,126,59602,Other,0
1690,15,59617,Other,0
1691,78,59695,Other,0
1692,24,59719,Other,0
1693,38,59757,Other,0
1694,11,59768,Other,0
1695,49,59817,Other,0
1696,58,59875,Other,0
1697,23,59898,Other,0
1698,22,59920,Other,0
1699,32,59952,Other,0
1700,30,59982,Other,0
1701,109,60091,E.P,0
1702,36,60127,Other,0
1703,17,60144,Other,0
1704,29,60173,E.P,0
1705,13,60186,Other,0
1706,9,60195,Other,0
1707,6,60201,Other,0
1708,28,60229,Other,0
1709,30,60259,Other,0
1710,31,60290,Other,0
1711,6,60296,Other,0
1712,21,60317,Other,0
1713,17,60334,Other,0
1714,18,60352,Other,0
1715,62,60414,Other,0
1716,28,60442,Other,0
1717,28,60470,Other,0
1718,99,60569,Other,0
1719,27,60596,Other,0
1720,17,60613,Other,0
1721,21,60634,Other,0
1722,27,60661,Other,0
1723,40,60701,Other,0
1724,22,60723,Other,0
1725,33,60756,Other,0
1726,34,60790,Other,0
1727,20,60810,Other,0
1728,25,60835,Other,0
1729,31,60866,Other,0
1730,59,60925,Other,0
1731,34,60959,Other,0
1732,19,60978,Other,0
1733,25,61003,Other,0
1734,32,61035,Other,0
1735,24,61059,Other,0
1736,50,61109,Other,0
1737,58,61167,Other,0
1738,63,61230,Other,0
1739,50,61280,Other,0
1740,40,61320,Other,0
1741,32,61352,Other,0
1742,46,61398,Other,0
1743,21,61419,Other,0
1744,36,61455,Other,0
1745,24,61479,Other,0
1746,10,61489,Other,0
1747,46,61535,Other,0
1748,18,61553,Other,0
1749,16,61569,Other,0
1750,30,61599,Other,0
1751,11,61610,Other,0
1752,22,61632,Other,0
1753,25,61657,Other,0
1754,27,61684,Other,0
1755,29,61713,Other,0
1756,12,61725,Other,0
1757,20,61745,Other,0
1758,24,61769,Other,0
1759,18,61787,Other,0
1760,7,61794,Other,0
1761,16,61810,E.P,0
1762,11,61821,Other,0
1763,19,61840,E.P,0
1764,22,61862,Other,0
1765,7,61869,Other,0
1766,10,61879,Other,0
1767,17,61896,Other,0
1768,9,61905,Other,0
1769,12,61917,Other,0
1770,13,61930,Other,0
1771,8,61938,Other,0
1772,12,61950,Other,0
1773,26,61976,Other,0
1774,24,62000,E.P,0
1775,37,62037,Other,0
1776,11,62048,Other,0
1777,22,62070,Other,0
1778,27,62097,Other,0
1779,44,62141,Other,0
1780,23,62164,Other,0
1781,21,62185,Other,0
1782,25,62210,Other,0
1783,28,62238,Other,0
1784,23,62261,Other,0
1785,24,62285,Other,0
1786,21,62306,E.P,0
1787,21,62327,Other,0
1788,30,62357,E.P,0
1789,19,62376,Other,0
1790,12,62388,Other,0
1791,9,62397,Other,0
1792,12,62409,Other,0
1793,20,62429,Other,0
1794,30,62459,Other,0
1795,18,62477,Other,0
1796,16,62493,Other,0
1797,13,62506,Other,0
1798,16,62522,Other,0
1799,14,62536,Other,0
1800,31,62567,Other,0
1801,6,62573,Other,0
1802,8,62581,Other,0
1803,18,62599,Other,0
1804,16,62615,Other,0
1805,22,62637,Other,0
1806,122,62759,Other,0
1807,16,62775,Other,0
1808,13,62788,Other,0
1809,9,62797,Other,0
1810,10,62807,Other,0
1811,9,62816,Other,0
1812,10,62826,Other,0
1813,12,62838,Other,0
1814,15,62853,Other,0
1815,21,62874,Other,0
1816,11,62885,Other,0
1817,21,62906,Other,0
1818,33,62939,Other,0
1819,72,63011,Other,0
1820,14,63025,Other,0
1821,16,63041,Other,0
1822,39,63080,Other,0
1823,24,63104,Other,0
1824,15,63119,Other,0
1825,22,63141,Other,0
1826,22,63163,Other,0
1827,19,63182,Other,0
1828,41,63223,Other,0
1829,16,63239,Other,0
1830,57,63296,Other,0
1831,141,63437,Other,0
1832,10,63447,Other,0
1833,9,63456,Other,0
1834,12,63468,E.P,0
1835,17,63485,Other,0
1836,14,63499,Other,0
1837,78,63577,Other,0
1838,34,63611,Other,0
1839,22,63633,Other,0
1840,9,63642,Other,0
1841,23,63665,E.P,0
1842,35,63700,Other,0
1843,34,63734,Other,0
1844,22,63756,E.P,0
1845,13,63769,Other,0
1846,24,63793,Other,0
1847,34,63827,Other,0
1848,44,63871,Other,0
1849,48,63919,Other,0
1850,21,63940,Other,0
1851,22,63962,Other,0
1852,18,63980,Other,0
1853,25,64005,Other,0
1854,15,64020,E.P,0
1855,15,64035,Other,0
1856,45,64080,Other,0
1857,55,64135,Other,0
1858,37,64172,Other,0
1859,32,64204,Other,0
1860,61,64265,Other,0
1861,13,64278,Other,0
1862,62,64340,Other,0
1863,18,64358,Other,0
1864,30,64388,Other,0
1865,34,64422,Other,0
1866,52,64474,Other,0
1867,22,64496,Other,0
1868,12,64508,Other,0
1869,85,64593,Other,0
1870,37,64630,Other,0
1871,40,64670,Other,0
1872,19,64689,Other,0
1873,33,64722,Other,0
1874,21,64743,Other,0
1875,16,64759,Other,0
1876,17,64776,Other,0
1877,68,64844,Other,0
1878,11,64855,Other,0
1879,24,64879,Other,0
1880,7,64886,Other,0
1881,38,64924,Other,0
1882,11,64935,Other,0
1883,19,64954,Other,0
1884,43,64997,Other,0
1885,39,65036,Other,0
1886,27,65063,Other,0
1887,31,65094,Other,0
1888,17,65111,Other,0
1889,24,65135,Other,0
1890,7,65142,Other,0
1891,11,65153,Other,0
1892,15,65168,Other,0
1893,16,65184,Other,0
1894,10,65194,Other,0
1895,18,65212,Other,0
1896,25,65237,Other,0
1897,32,65269,Other,0
1898,21,65290,Other,0
1899,44,65334,Other,0
1900,60,65394,Other,0
1901,37,65431,Other,0
1902,46,65477,Other,0
1903,17,65494,Other,0
1904,15,65509,E.P,0
1905,12,65521,Other,0
1906,22,65543,E.P,0
1907,16,65559,Other,0
1908,5,65564,Other,0
1909,6,65570,Other,0
1910,8,65578,Other,0
1911,24,65602,E.P,0
1912,15,65617,Other,0
1913,20,65637,E.P,0
1914,16,65653,Other,0
1915,22,65675,Other,0
1916,74,65749,Other,0
1917,21,65770,Other,0
1918,25,65795,Other,0
1919,16,65811,Other,0
1920,27,65838,Other,0
1921,89,65927,Other,0
1922,25,65952,Other,0
1923,26,65978,Other,0
1924,20,65998,Other,0
1925,18,66016,Other,0
1926,23,66039,Other,0
1927,15,66054,Other,0
1928,41,66095,Other,0
1929,68,66163,Other,0
1930,128,66291,Other,0
1931,20,66311,Other,0
1932,34,66345,Other,0
1933,22,66367,Other,0
1934,11,66378,Other,0
1935,43,66421,Other,0
1936,48,66469,Other,0
1937,38,66507,Other,0
1938,21,66528,Other,0
1939,26,66554,Other,0
1940,73,66627,Other,0
1941,18,66645,Other,0
1942,21,66666,Other,0
1943,9,66675,Other,0
1944,44,66719,Other,0
1945,14,66733,Other,0
1946,18,66751,E.P,0
1947,12,66763,Other,0
1948,7,66770,Other,0
1949,17,66787,Other,0
1950,10,66797,Other,0
1951,18,66815,Other,0
1952,20,66835,Other,0
1953,31,66866,Other,0
1954,21,66887,E.P,0
1955,22,66909,Other,0
1956,18,66927,E.P,0
1957,16,66943,Other,0
1958,6,66949,Other,0
1959,12,66961,Other,0
1960,17,66978,Other,0
1961,38,67016,Other,0
1962,5,67021,Other,0
1963,8,67029,Other,0
1964,11,67040,Other,0
1965,22,67062,Other,0
1966,15,67077,Other,0
1967,40,67117,Other,0
1968,38,67155,Other,0
1969,29,67184,Other,0
1970,60,67244,Other,0
1971,17,67261,Other,0
1972,40,67301,Other,0
1973,24,67325,Other,0
1974,40,67365,Other,0
1975,117,67482,Other,0
1976,27,67509,Other,0
1977,12,67521,Other,0
1978,25,67546,E.P,0
1979,19,67565,Other,0
1980,40,67605,Other,0
1981,23,67628,Other,0
1982,12,67640,Other,0
1983,36,67676,Other,0
1984,31,67707,Other,0
1985,50,67757,Other,0
1986,20,67777,Other,0
1987,12,67789,Other,0
1988,19,67808,Other,0
1989,29,67837,Other,0
1990,16,67853,E.P,0
1991,11,67864,Other,0
1992,10,67874,E.P,0
1993,10,67884,Other,0
1994,17,67901,E.P,0
1995,16,67917,Other,0
1996,19,67936,E.P,0
1997,19,67955,Other,0
1998,86,68041,E.P,0
1999,14,68055,Other,0
2000,78,68133,E.P,0
2001,39,68172,Other,0
2002,16,68188,Other,0
2003,33,68221,Other,0
2004,20,68241,E.P,0
2005,64,68305,Other,0
2006,93,68398,E.P,0
2007,29,68427,E.P,0
2008,14,68441,E.P,0
2009,53,68494,Other,0
2010,16,68510,E.P,0
2011,24,68534,Other,0
2012,17,68551,E.P,0
2013,88,68639,E.P,0
2014,47,68686,Other,0
2015,28,68714,E.P,0
2016,55,68769,E.P,0
2017,40,68809,E.P,0
2018,21,68830,Other,0
2019,21,68851,E.P,0
2020,78,68929,E.P,0
2021,93,69022,Other,0
2022,31,69053,Other,0
2023,28,69081,Other,0
2024,22,69103,Other,0
2025,55,69158,Other,0
2026,107,69265,Other,0
2027,26,69291,Other,0
2028,27,69318,Other,0
2029,25,69343,Other,0
2030,13,69356,Other,0
2031,33,69389,Other,0
2032,42,69431,Other,0
2033,19,69450,Other,0
2034,35,69485,Other,0
2035,10,69495,Other,0
2036,16,69511,Other,0
2037,15,69526,Other,0
2038,9,69535,Other,0
2039,45,69580,Other,0
2040,10,69590,Other,0
2041,68,69658,Other,0
2042,88,69746,E.P,0
2043,126,69872,E.P,0
2044,55,69927,E.P,0
2045,34,69961,E.P,0
2046,14,69975,E.P,0
2047,20,69995,Other,0
2048,22,70017,E.P,0
2049,13,70030,Other,0
2050,54,70084,E.P,0
2051,56,70140,Other,0
2052,99,70239,Other,0
2053,23,70262,Other,0
2054,16,70278,Other,0
2055,14,70292,Other,0
2056,21,70313,Other,0
2057,78,70391,Other,0
2058,32,70423,E.P,0
2059,19,70442,Other,0
2060,34,70476,E.P,0
2061,30,70506,Other,0
2062,28,70534,E.P,0
2063,27,70561,Other,0
2064,29,70590,E.P,0
2065,17,70607,E.P,0
2066,32,70639,E.P,0
2067,29,70668,Other,0
2068,21,70689,E.P,0
2069,37,70726,E.P,0
2070,73,70799,E.P,0
2071,37,70836,Other,0
2072,13,70849,Other,0
2073,30,70879,Other,0
2074,60,70939,Other,0
2075,37,70976,Other,0
2076,146,71122,Other,0
2077,35,71157,Other,0
2078,23,71180,E.P,0
2079,30,71210,Other,0
2080,13,71223,E.P,0
2081,23,71246,Other,0
2082,24,71270,E.P,0
2083,16,71286,Other,0
2084,18,71304,Other,0
2085,30,71334,Other,0
2086,16,71350,Other,0
2087,28,71378,Other,0
2088,37,71415,Other,0
2089,42,71457,E.P,0
2090,30,71487,E.P,0
2091,100,71587,E.P,0
2092,58,71645,Other,0
2093,30,71675,E.P,0
2094,59,71734,Other,0
2095,34,71768,E.P,0
2096,69,71837,Other,0
2097,21,71858,E.P,0
2098,26,71884,Other,0
2099,94,71978,Other,0
2100,32,72010,E.P,0
2101,88,72098,Other,0
2102,45,72143,Other,0
2103,14,72157,Other,0
2104,11,72168,Other,0
2105,10,72178,Other,0
2106,16,72194,Other,0
2107,17,72211,Other,0
2108,22,72233,Other,0
2109,22,72255,Other,0
2110,37,72292,Other,0
2111,22,72314,Other,0
2112,19,72333,Other,0
2113,11,72344,Other,0
2114,22,72366,Other,0
2115,26,72392,Other,0
2116,52,72444,Other,0
2117,14,72458,Other,0
2118,10,72468,Other,0
2119,86,72554,Other,0
2120,22,72576,Other,0
2121,20,72596,E.P,0
2122,20,72616,Other,0
2123,22,72638,Other,0
2124,34,72672,Other,0
2125,19,72691,Other,0
2126,22,72713,Other,0
2127,37,72750,Other,0
2128,48,72798,Other,0
2129,46,72844,Other,0
2130,18,72862,Other,0
2131,17,72879,Other,0
2132,24,72903,Other,0
2133,16,72919,Other,0
2134,13,72932,Other,0
2135,32,72964,Other,0
2136,28,72992,Other,0
2137,26,73018,Other,0
2138,36,73054,Other,0
2139,161,73215,Other,0
2140,44,73259,Other,0
2141,85,73344,Other,0
2142,54,73398,Other,0
2143,31,73429,Other,0
2144,90,73519,Other,0
2145,8,73527,Other,0
2146,9,73536,E.P,0
2147,19,73555,Other,0
2148,42,73597,Other,0
2149,19,73616,E.P,0
2150,29,73645,Other,0
2151,18,73663,Other,0
2152,35,73698,Other,0
2153,16,73714,Other,0
2154,40,73754,Other,0
2155,27,73781,Other,0
2156,17,73798,Other,0
2157,38,73836,Other,0
2158,32,73868,Other,0
2159,22,73890,Other,0
2160,16,73906,Other,0
2161,32,73938,Other,0
2162,48,73986,Other,0
2163,30,74016,Other,0
2164,43,74059,Other,0
2165,27,74086,Other,0
2166,87,74173,Other,0
2167,44,74217,Other,0
2168,20,74237,Other,0
2169,25,74262,Other,0
2170,49,74311,Other,0
2171,27,74338,Other,0
2172,52,74390,Other,0
2173,22,74412,Other,0
2174,23,74435,Other,0
2175,10,74445,Other,0
2176,12,74457,Other,0
2177,27,74484,Other,0
2178,19,74503,Other,0
2179,40,74543,Other,0
2180,48,74591,Other,0
2181,26,74617,Other,0
2182,25,74642,Other,0
2183,27,74669,Other,0
2184,34,74703,Other,0
2185,22,74725,Other,0
2186,28,74753,Other,0
2187,24,74777,Other,0
2188,10,74787,Other,0
2189,20,74807,Other,0
2190,34,74841,Other,0
2191,11,74852,Other,0
2192,37,74889,Other,0
2193,49,74938,Other,0
2194,26,74964,Other,0
2195,43,75007,Other,0
2196,10,75017,Other,0
2197,31,75048,Other,0
2198,21,75069,Other,0
2199,23,75092,Other,0
2200,48,75140,Other,0
2201,14,75154,Other,0
2202,17,75171,Other,0
2203,10,75181,Other,0
2204,12,75193,Other,0
2205,23,75216,Other,0
2206,14,75230,Other,0
2207,48,75278,Other,0
2208,20,75298,Other,0
2209,6,75304,Other,0
2210,8,75312,Other,0
2211,76,75388,Other,0
2212,14,75402,Other,0
2213,15,75417,Other,0
2214,19,75436,Other,0
2215,39,75475,Other,0
2216,13,75488,Other,0
2217,18,75506,Other,0
2218,38,75544,Other,0
2219,28,75572,Other,0
2220,21,75593,Other,0
2221,23,75616,Other,0
2222,75,75691,Other,0
2223,49,75740,Other,0
2224,12,75752,E.P,0
2225,13,75765,Other,0
2226,19,75784,E.P,0
2227,21,75805,Other,0
2228,16,75821,Other,0
2229,28,75849,Other,0
2230,15,75864,E.P,0
2231,18,75882,Other,0
2232,43,75925,Other,0
2233,22,75947,Other,0
2234,19,75966,E.P,0
2235,26,75992,Other,0
2236,19,76011,Other,0
2237,36,76047,Other,0
2238,25,76072,Other,0
2239,33,76105,Other,0
2240,13,76118,Other,0
2241,29,76147,Other,0
2242,23,76170,Other,0
2243,20,76190,Other,0
2244,23,76213,E.P,0
2245,37,76250,Other,0
2246,13,76263,Other,0
2247,17,76280,Other,0
2248,20,76300,E.P,0
2249,60,76360,Other,0
2250,30,76390,Other,0
2251,99,76489,Other,0
2252,20,76509,Other,0
2253,27,76536,Other,0
2254,21,76557,Other,0
2255,47,76604,Other,0
2256,25,76629,Other,0
2257,9,76638,Other,0
2258,64,76702,Other,0
2259,6,76708,Other,0
2260,16,76724,Other,0
2261,10,76734,Other,0
2262,13,76747,E.P,0
2263,7,76754,Other,0
2264,17,76771,E.P,0
2265,9,76780,E.P,0
2266,25,76805,Other,0
2267,44,76849,Other,0
2268,11,76860,E.P,0
2269,7,76867,Other,0
2270,14,76881,E.P,0
2271,32,76913,Other,0
2272,40,76953,Other,0
2273,19,76972,Other,0
2274,21,76993,Other,0
2275,4,76997,Other,0
2276,20,77017,Other,0
2277,10,77027,Other,0
2278,10,77037,Other,0
2279,31,77068,Other,0
2280,41,77109,Other,0
2281,32,77141,Other,0
2282,29,77170,Other,0
2283,15,77185,Other,0
2284,100,77285,Other,0
2285,34,77319,Other,0
2286,23,77342,Other,0
2287,30,77372,Other,0
2288,49,77421,Other,0
2289,130,77551,Other,0
2290,104,77655,Other,0
2291,32,77687,Other,0
2292,52,77739,Other,0
2293,44,77783,E.P,0
2294,13,77796,Other,0
2295,17,77813,Other,0
2296,10,77823,Other,0
2297,23,77846,Other,0
2298,21,77867,Other,0
2299,24,77891,Other,0
2300,35,77926,Other,0
2301,49,77975,Other,0
2302,21,77996,Other,0
2303,13,78009,Other,0
2304,19,78028,Other,0
2305,18,78046,Other,0
2306,13,78059,Other,0
2307,57,78116,Other,0
2308,78,78194,Other,0
2309,36,78230,Other,0
2310,49,78279,Other,0
2311,59,78338,Other,0
2312,16,78354,Other,0
2313,34,78388,Other,0
2314,17,78405,Other,0
2315,20,78425,Other,0
2316,13,78438,Other,0
2317,24,78462,Other,0
2318,45,78507,Other,0
2319,25,78532,E.P,0
2320,27,78559,Other,0
2321,13,78572,Other,0
2322,21,78593,Other,0
2323,13,78606,Other,0
2324,13,78619,Other,0
2325,17,78636,Other,0
2326,18,78654,Other,0
2327,32,78686,Other,0
2328,8,78694,Other,0
2329,13,78707,Other,0
2330,20,78727,Other,0
2331,14,78741,E.P,0
2332,12,78753,Other,0
2333,11,78764,E.P,0
2334,9,78773,Other,0
2335,7,78780,Other,0
2336,11,78791,Other,0
2337,12,78803,Other,0
2338,8,78811,Other,0
2339,10,78821,Other,0
2340,11,78832,Other,0
2341,22,78854,E.P,0
2342,15,78869,Other,0
2343,38,78907,E.P,0
2344,12,78919,Other,0
2345,16,78935,E.P,0
2346,6,78941,E.P,0
2347,19,78960,E.P,0
2348,12,78972,E.P,0
2349,17,78989,Other,0
2350,24,79013,Other,0
2351,35,79048,E.P,0
2352,14,79062,E.P,0
2353,26,79088,Other,0
2354,16,79104,Other,0
2355,16,79120,Other,0
2356,13,79133,Other,0
2357,38,79171,E.P,0
2358,48,79219,Other,0
2359,47,79266,Other,0
2360,15,79281,Other,0
2361,33,79314,Other,0
2362,38,79352,Other,0
2363,27,79379,Other,0
2364,17,79396,Other,0
2365,57,79453,Other,0
2366,14,79467,Other,0
2367,25,79492,Other,0
2368,26,79518,Other,0
2369,51,79569,Other,0
2370,35,79604,Other,0
2371,36,79640,Other,0
2372,65,79705,Other,0
2373,109,79814,Other,0
2374,51,79865,Other,0
2375,21,79886,Other,0
2376,48,79934,Other,0
2377,52,79986,Other,0
2378,99,80085,Other,0
2379,32,80117,Other,0
2380,46,80163,Other,0
2381,36,80199,Other,0
2382,37,80236,Other,0
2383,153,80389,Other,0
2384,27,80416,Other,0
2385,32,80448,Other,0
2386,19,80467,Other,0
2387,193,80660,Other,0
2388,59,80719,E.P,0
2389,11,80730,E.P,0
2390,32,80762,E.P,0
2391,26,80788,Other,0
2392,23,80811,E.P,0
2393,24,80835,E.P,0
2394,38,80873,Other,0
2395,5,80878,Other,0
2396,50,80928,Other,0
2397,23,80951,Other,0
2398,42,80993,Other,0
2399,85,81078,Other,0
2400,28,81106,Other,0
2401,173,81279,Other,0
2402,54,81333,Other,0
2403,59,81392,Other,0
2404,177,81569,Other,0
2405,38,81607,Other,0
2406,34,81641,Other,0
2407,29,81670,Other,0
2408,32,81702,Other,0
2409,37,81739,Other,0
2410,30,81769,Other,0
2411,91,81860,Other,0
2412,42,81902,Other,0
2413,21,81923,Other,0
2414,50,81973,Other,0
2415,52,82025,Other,0
2416,160,82185,Other,0
2417,171,82356,Other,0
2418,6,82362,Other,0
2419,99,82461,E.P,0
2420,42,82503,Other,0
2421,25,82528,Other,0
2422,33,82561,Other,0
2423,78,82639,Other,0
2424,54,82693,Other,0
2425,76,82769,Other,0
2426,52,82821,Other,0
2427,17,82838,Other,0
2428,46,82884,Other,0
2429,18,82902,Other,0
2430,33,82935,Other,0
2431,16,82951,Other,0
2432,16,82967,Other,0
2433,21,82988,Other,0
2434,38,83026,E.P,0
2435,112,83138,Other,0
2436,64,83202,Other,0
2437,13,83215,Other,0
2438,86,83301,Other,0
2439,14,83315,Other,0
2440,42,83357,Other,0
2441,94,83451,Other,0
2442,61,83512,Other,0
2443,56,83568,Other,0
2444,111,83679,Other,0
2445,38,83717,Other,0
2446,20,83737,Other,0
2447,28,83765,Other,0
2448,44,83809,Other,0
2449,21,83830,Other,0
2450,45,83875,Other,0
2451,18,83893,Other,0
2452,277,84170,Other,0
